Formation,Boats,Distance,Total Power (W),Power per Boat (W),Wh per Meter,Total Energy (kWh)
elongated-hexagon,24,100,759.3838090692126,31.640992044550526,0.16875195757093614,0.016875195757093613
pyramid-to-line,20,100,650.3846474380998,32.51923237190499,0.14452992165291106,0.014452992165291107
v-shape,15,90,566.8431620630626,37.789544137537504,0.12596514712512505,0.011336863241261253
