Formation,Boats,Distance,Total Power (W),Power per Boat (W),Wh per Meter,Total Energy (kWh)
elongated-hexagon,20,100,0.022745352362768506,0.0011372676181384254,6.318153434102363e-06,6.318153434102364e-07
pyramid-to-line,20,100,0.026015385897523995,0.0013007692948761996,7.226496082645554e-06,7.226496082645554e-07
v-shape,15,90,0.022673726482522506,0.0015115817655015004,6.298257356256251e-06,5.668431620630627e-07
