Formation,Boats,Distance,Total Power (W),Power per Boat (W),Wh per Meter,Total Energy (kWh)
singlerun,1,13.5,0.0011664951415729001,0.0011664951415729001,6.679624467785296e-07,9.017493031510149e-09
