Formation,Boats,Distance,Total Power (W),Power per Boat (W),Wh per Meter,Total Energy (kWh)
singlerun,1,13.5,18.089395689823487,18.089395689823487,0.009716640161037257,0.00013117464217400295
